chem_id,compound_class
19,6
21,13
25,14
26,11
29,21
30,5
31,5
32,5
35,9
37,21
41,14
43,9
45,5
48,16
49,16
50,18
53,31
54,9
55,3
60,13
61,13
62,11
69,29
71,10
72,27
73,27
74,27
75,19
90,11
92,15
93,11
98,10
100,13
102,8
103,8
104,27
105,19
106,28
107,20
111,11
112,11
114,9
115,4
117,10
118,10
119,11
120,21
132,11
133,11
136,7
141,4
143,13
144,9
149,5
152,13
158,0
159,14
163,25
166,5
171,9
172,9
173,27
175,13
176,13
178,13
179,14
180,13
181,26
182,9
186,14
187,15
189,3
192,4
193,9
194,11
195,19
197,27
199,13
200,13
203,4
207,27
208,28
209,27
210,19
211,27
212,28
213,27
215,19
216,14
217,27
218,24
219,6
220,19
224,8
226,8
229,13
230,21
231,24
232,11
233,14
234,11
235,9
236,20
240,20
241,20
243,9
244,4
247,2
249,23
250,21
251,0
252,15
254,4
256,8
257,29
263,8
264,8
266,29
267,3
268,14
269,21
270,5
272,23
273,8
274,23
275,0
278,11
279,11
280,19
281,19
282,19
283,4
287,19
289,19
290,5
291,5
293,19
294,6
296,5
297,24
298,5
299,4
300,19
301,14
302,7
306,8
307,15
308,1
309,15
310,24
311,26
313,24
314,15
316,4
319,4
321,8
322,29
323,27
324,8
327,21
328,1
330,15
331,24
335,19
336,2
338,6
339,15
340,4
342,7
343,15
344,15
345,21
346,19
347,19
348,27
349,26
350,26
352,4
353,19
354,5
355,20
356,8
358,4
359,27
361,28
362,27
363,6
366,5
369,6
370,6
372,18
373,28
376,11
377,15
378,21
381,11
382,5
388,14
391,11
392,11
393,6
395,29
396,21
397,29
399,13
400,2
401,2
402,13
403,13
404,13
405,30
406,13
407,11
409,11
411,21
413,9
414,15
415,11
418,30
420,16
421,5
423,13
424,15
428,7
429,21
430,21
432,9
436,31
437,15
439,4
442,13
443,21
444,26
445,9
446,28
447,15
448,21
449,27
452,13
453,21
454,26
455,15
460,20
461,26
463,15
464,5
466,29
468,29
469,6
473,8
477,29
479,8
480,0
482,4
486,28
487,28
489,28
491,10
492,1
493,25
494,25
495,3
496,28
497,13
498,13
500,1
501,10
502,30
503,6
504,22
506,19
507,31
508,2
509,29
510,4
511,19
512,15
515,8
516,15
519,4
520,27
521,27
522,1
523,1
525,15
527,2
528,27
529,15
530,26
531,4
532,31
533,26
535,19
536,0
537,20
543,29
561,4
563,11
564,6
565,23
566,29
567,9
568,20
570,21
571,1
572,6
796,15
798,28
799,3
800,11
803,6
804,6
806,4
811,26
815,23
818,4
821,28
823,15
825,0
826,6
827,28
828,6
848,27
849,30
850,26
868,23
869,5
870,19
871,21
872,28
873,3
874,14
875,9
878,6
879,7
880,22
881,9
882,9
888,15
889,31
890,26
891,26
892,15
893,15
894,15
908,6
909,6
911,6
912,6
913,6
914,6
915,6
916,6
917,11
918,6
920,6
921,6
922,6
923,14
925,4
926,4
927,6
928,4
930,4
931,4
932,4
933,6
934,6
935,6
936,10
937,4
938,20
939,4
963,6
980,26
982,11
1000,15
1001,28
1002,14
1003,6
1004,9
1020,6
1021,14
1022,20
1023,4
1024,30
1025,0
1026,15
1034,19
1035,0
1036,24
1041,13
1042,28
1043,20
1045,22
1046,27
1049,9
1051,3
1052,26
1053,15
1080,13
1081,10
1082,30
1083,26
1084,30
1085,15
1087,13
1088,20
1089,20
1090,21
1091,13
1092,13
1094,1
1095,22
1096,19
1097,19
1098,5
1099,1
1102,14
1103,20
1104,22
1105,28
1106,6
1107,6
1108,11
1109,10
1110,30
1111,20
1113,15
1114,26
1115,10
1117,24
1118,26
1120,20
1121,26
1122,11
1123,7
1124,11
1125,0
1127,8
1128,6
1129,20
1130,20
1131,20
1132,9
1133,10
1134,9
1135,7
1136,4
1137,13
1138,22
1139,20
1140,24
1141,10
1143,4
1161,20
1162,19
1164,20
1183,7
1184,8
1200,15
1204,6
1206,11
1207,22
1208,26
1209,22
1211,4
1212,6
1213,6
1214,27
1215,28
1216,6
1217,19
1218,14
1219,3
1220,3
1221,11
1222,21
1223,7
1224,24
1225,28
1226,5
1227,5
1228,27
1230,8
1231,13
1232,19
1233,6
1234,5
1235,28
1236,21
1237,19
1238,0
1239,0
1240,5
1241,5
1242,28
1243,13
1244,27
1245,13
1246,8
1247,2
1248,28
1249,7
1251,28
1253,19
1254,31
1255,19
1256,30
1257,19
1258,9
1259,20
1260,26
1261,13
1262,5
1263,3
1264,5
1266,28
1268,24
1271,4
1272,4
1273,10
1274,8
1276,10
1277,6
1302,6
1303,27
1304,8
1305,8
1306,4
1307,14
1308,28
1310,7
1312,28
1313,28
1315,28
1316,28
1317,28
1318,28
1320,28
1321,28
1322,5
1323,2
1324,28
1325,28
1326,28
1342,10
1343,19
1362,7
1382,23
1383,10
1384,10
1385,23
1386,1
1387,27
1388,5
1422,0
1442,4
1443,28
1462,8
1482,13
1485,2
1486,2
1487,29
1488,13
1489,15
1490,13
1491,13
1492,13
1504,13
1506,13
1508,13
1510,7
1511,8
1512,21
1513,21
1514,21
1516,8
1517,6
1518,28
1519,10
1520,10
1521,13
1522,22
1526,28
1528,19
1531,24
1533,2
1535,5
1537,2
1538,3
1539,2
1541,5
1543,2
1544,28
1547,28
1548,1
1571,6
1609,7
1628,7
1629,7
1648,7
1668,7
1728,11
1730,26
1748,10
1749,3
1768,28
1788,28
1789,21
1829,15
1830,21
1848,10
1869,14
2028,10
2029,4
2048,28
2049,25
2050,13
2051,11
2052,20
2053,11
2054,11
2068,1
2069,20
2070,1
2071,7
2072,1
2073,1
100000007,30
100000008,9
100000010,9
100000011,20
100000012,6
100000013,9
100000014,23
100000015,1
100000016,15
100000036,11
100000039,26
100000040,24
100000041,8
100000042,14
100000043,19
100000044,14
100000045,20
100000052,20
100000053,2
100000054,28
100000055,4
100000064,28
100000081,1
100000086,26
100000090,6
100000092,6
100000093,11
100000095,19
100000096,4
100000097,10
100000098,10
100000099,6
100000101,15
100000103,24
100000104,28
100000110,18
100000112,24
100000113,3
100000114,6
100000115,11
100000116,19
100000117,19
100000118,21
100000125,28
100000135,28
100000138,21
100000141,31
100000142,1
100000143,4
100000145,9
100000146,9
100000147,26
100000249,5
100000250,14
100000251,1
100000253,3
100000254,7
100000255,6
100000256,6
100000257,6
100000258,26
100000260,23
100000262,0
100000263,20
100000264,10
100000265,14
100000269,30
100000272,6
100000273,6
100000274,6
100000275,6
100000276,6
100000277,7
100000278,6
100000279,6
100000280,13
100000281,6
100000282,28
100000283,6
100000285,11
100000286,11
100000287,24
100000290,28
100000291,3
100000292,21
100000293,28
100000294,21
100000295,11
100000296,6
100000298,7
100000299,28
100000300,6
100000328,30
100000330,28
100000341,6
100000355,21
100000385,21
100000406,6
100000409,11
100000421,6
100000434,7
100000435,10
100000436,7
100000437,9
100000438,25
100000439,14
100000440,20
100000441,15
100000442,3
100000443,19
100000444,20
100000445,9
100000446,15
100000447,20
100000449,20
100000450,15
100000451,20
100000452,20
100000453,27
100000454,4
100000455,11
100000456,20
100000457,1
100000458,26
100000459,0
100000460,24
100000461,20
100000463,22
100000464,9
100000465,1
100000466,2
100000467,9
100000479,23
100000481,9
100000483,9
100000484,22
100000485,27
100000486,11
100000487,11
100000488,9
100000489,20
100000491,23
100000551,11
100000559,23
100000560,6
100000561,13
100000562,13
100000564,13
100000565,13
100000568,28
100000569,28
100000571,28
100000573,28
100000574,28
100000575,13
100000576,28
100000578,28
100000579,23
100000580,6
100000582,13
100000583,3
100000584,13
100000585,13
100000587,28
100000588,28
100000589,28
100000590,28
100000591,28
100000599,28
100000600,28
100000601,28
100000602,28
100000603,28
100000604,13
100000609,21
100000610,21
100000611,3
100000616,21
100000617,3
100000622,28
100000626,3
100000627,3
100000629,13
100000630,28
100000631,3
100000633,3
100000634,5
100000636,3
100000639,28
100000640,3
100000642,2
100000645,24
100000647,5
100000648,8
100000652,5
100000654,3
100000655,23
100000656,21
100000657,3
100000660,3
100000661,5
100000665,13
100000672,3
100000673,1
100000675,1
100000682,30
100000683,1
100000684,28
100000685,28
100000686,1
100000687,27
100000688,1
100000689,1
100000690,1
100000692,19
100000693,1
100000694,21
100000696,1
100000697,29
100000698,14
100000700,5
100000701,7
100000702,11
100000703,14
100000704,8
100000705,23
100000706,29
100000707,14
100000708,4
100000709,28
100000710,20
100000712,3
100000713,9
100000714,20
100000715,26
100000716,22
100000717,9
100000718,4
100000719,23
100000720,9
100000721,20
100000722,0
100000723,3
100000724,22
100000725,27
100000726,27
100000727,27
100000728,8
100000730,1
100000731,7
100000732,27
100000733,27
100000734,10
100000735,5
100000736,10
100000737,27
100000739,27
100000740,8
100000741,27
100000742,3
100000743,26
100000744,28
100000746,7
100000747,11
100000748,4
100000749,9
100000750,27
100000751,14
100000752,1
100000753,23
100000754,1
100000755,14
100000756,10
100000757,22
100000758,27
100000759,22
100000760,20
100000762,20
100000763,28
100000764,21
100000765,15
100000766,22
100000768,26
100000769,7
100000770,9
100000771,27
100000772,29
100000773,11
100000774,20
100000775,8
100000776,30
100000777,7
100000778,20
100000779,26
100000780,22
100000781,3
100000782,10
100000783,21
100000784,11
100000785,3
100000786,6
100000787,11
100000788,19
100000789,9
100000790,9
100000791,27
100000792,8
100000793,22
100000794,27
100000795,20
100000796,10
100000797,3
100000798,23
100000799,22
100000800,22
100000801,23
100000802,3
100000803,23
100000804,22
100000805,9
100000806,4
100000807,19
100000808,5
100000809,20
100000810,23
100000812,23
100000813,9
100000814,19
100000815,25
100000816,18
100000817,22
100000818,9
100000820,10
100000821,23
100000822,29
100000823,23
100000824,10
100000825,22
100000826,28
100000827,26
100000828,15
100000829,15
100000830,22
100000832,29
100000833,29
100000834,31
100000835,18
100000836,27
100000837,18
100000838,21
100000839,13
100000840,11
100000841,4
100000842,20
100000843,5
100000845,13
100000846,26
100000847,24
100000848,19
100000849,29
100000850,0
100000852,19
100000853,15
100000854,26
100000855,29
100000856,31
100000857,31
100000858,6
100000859,8
100000860,4
100000861,22
100000862,10
100000863,15
100000864,26
100000865,15
100000866,29
100000867,15
100000868,13
100000869,10
100000870,9
100000871,10
100000872,24
100000873,19
100000874,6
100000875,0
100000876,15
100000877,26
100000878,15
100000879,13
100000880,19
100000881,6
100000882,4
100000883,20
100000884,15
100000885,19
100000886,18
100000887,4
100000888,8
100000889,31
100000890,27
100000891,9
100000892,28
100000893,6
100000894,26
100000895,27
100000896,6
100000897,6
100000898,4
100000899,31
100000900,4
100000901,18
100000902,20
100000903,4
100000904,23
100000905,22
100000906,1
100000907,6
100000908,6
100000909,29
100000910,7
100000911,27
100000912,26
100000914,20
100000915,29
100000916,22
100000917,20
100000918,1
100000919,19
100000920,1
100000921,26
100000922,19
100000923,7
100000924,26
100000925,29
100000926,6
100000927,13
100000928,19
100000929,21
100000930,7
100000931,19
100000932,26
100000933,11
100000934,6
100000935,1
100000936,29
100000937,8
100000938,6
100000939,19
100000940,19
100000942,19
100000943,26
100000944,29
100000945,6
100000946,28
100000947,14
100000948,23
100000949,19
100000951,31
100000952,20
100000953,13
100000954,28
100000955,6
100000956,15
100000957,26
100000958,24
100000959,23
100000960,24
100000961,24
100000962,20
100000963,11
100000964,24
100000965,21
100000966,14
100000967,21
100000968,23
100000970,10
100000971,10
100000972,5
100000973,20
100000974,22
100000975,16
100000976,14
100000977,9
100000978,27
100000979,20
100000980,6
100000981,23
100000982,27
100000983,11
100000984,9
100000986,20
100000987,13
100000988,13
100000989,31
100000990,1
100000991,19
100000992,26
100000993,4
100000994,11
100000995,26
100000997,11
100000998,11
100000999,4
100001000,26
100001002,23
100001003,23
100001004,6
100001005,10
100001006,26
100001007,6
100001008,6
100001009,6
100001010,27
100001018,10
100001019,0
100001020,8
100001022,26
100001023,6
100001024,1
100001025,10
100001026,6
100001027,15
100001028,15
100001029,5
100001030,6
100001031,6
100001032,6
100001033,7
100001034,9
100001035,7
100001036,6
100001037,7
100001039,1
100001040,13
100001041,18
100001042,6
100001043,15
100001044,29
100001045,23
100001046,20
100001047,26
100001048,4
100001050,7
100001051,23
100001052,5
100001053,28
100001054,3
100001055,3
100001056,13
100001057,13
100001058,28
100001059,7
100001062,7
100001063,7
100001064,7
100001065,7
100001066,8
100001067,7
100001068,7
100001069,8
100001070,7
100001072,7
100001073,8
100001074,9
100001080,15
100001081,0
100001083,9
100001086,23
100001087,24
100001088,23
100001089,22
100001092,3
100001093,10
100001094,4
100001095,8
100001096,0
100001097,10
100001100,8
100001101,23
100001102,15
100001103,24
100001104,10
100001105,7
100001106,9
100001107,22
100001108,27
100001111,10
100001112,15
100001113,20
100001114,21
100001115,21
100001118,28
100001119,23
100001120,8
100001121,10
100001122,28
100001124,23
100001125,23
100001126,30
100001127,14
100001128,11
100001129,11
100001130,14
100001131,4
100001132,28
100001133,9
100001134,13
100001135,23
100001139,7
100001142,1
100001143,4
100001144,3
100001145,11
100001146,4
100001147,4
100001148,4
100001149,13
100001150,4
100001151,26
100001152,13
100001153,4
100001155,26
100001156,10
100001159,1
100001160,9
100001161,11
100001162,30
100001163,28
100001164,28
100001165,7
100001167,0
100001169,28
100001170,26
100001171,11
100001172,13
100001175,16
100001176,26
100001178,10
100001180,11
100001181,13
100001182,13
100001183,13
100001192,13
100001193,13
100001194,13
100001195,13
100001196,15
100001197,26
100001198,13
100001199,13
100001200,13
100001201,13
100001203,23
100001204,10
100001205,22
100001206,22
100001207,20
100001208,20
100001209,29
100001210,7
100001211,15
100001212,11
100001213,9
100001214,26
100001215,6
100001216,29
100001217,1
100001218,27
100001219,27
100001220,1
100001221,1
100001222,1
100001223,4
100001226,21
100001228,13
100001229,13
100001230,13
100001231,13
100001232,13
100001233,22
100001234,8
100001235,8
100001236,8
100001237,21
100001247,30
100001250,7
100001251,30
100001252,10
100001253,11
100001254,23
100001255,11
100001256,23
100001257,11
100001258,11
100001259,24
100001260,24
100001261,11
100001262,24
100001263,30
100001264,30
100001265,23
100001266,24
100001267,27
100001268,23
100001269,7
100001270,3
100001271,3
100001272,2
100001273,28
100001274,11
100001275,9
100001276,24
100001277,13
100001278,13
100001279,8
100001280,8
100001282,8
100001283,7
100001284,21
100001285,11
100001286,8
100001287,8
100001288,8
100001289,8
100001290,13
100001292,21
100001293,23
100001294,24
100001295,28
100001296,3
100001299,26
100001300,29
100001301,27
100001302,21
100001303,17
100001304,7
100001305,27
100001306,27
100001308,28
100001309,30
100001310,14
100001311,24
100001312,29
100001313,24
100001314,24
100001315,9
100001316,28
100001317,27
100001318,0
100001320,6
100001322,21
100001324,21
100001333,27
100001334,14
100001335,13
100001337,13
100001347,1
100001348,21
100001349,1
100001350,1
100001351,7
100001352,1
100001353,1
100001354,1
100001355,21
100001356,1
100001357,21
100001358,21
100001383,3
100001384,3
100001385,23
100001386,21
100001390,29
100001391,30
100001392,30
100001393,30
100001394,30
100001395,2
100001396,9
100001397,9
100001398,9
100001399,9
100001400,9
100001401,4
100001402,14
100001403,14
100001404,9
100001405,27
100001406,19
100001407,5
100001408,26
100001409,27
100001410,24
100001411,15
100001412,1
100001413,28
100001415,28
100001416,28
100001417,23
100001418,25
100001419,6
100001420,6
100001421,20
100001422,14
100001423,20
100001424,28
100001425,28
100001426,19
100001429,5
100001430,26
100001431,26
100001432,5
100001433,13
100001434,26
100001435,13
100001436,24
100001437,24
100001438,30
100001440,28
100001443,6
100001444,13
100001445,5
100001446,28
100001447,19
100001448,6
100001449,27
100001451,15
100001452,30
100001454,4
100001455,14
100001456,9
100001457,9
100001458,6
100001461,3
100001463,31
100001464,7
100001466,28
100001467,1
100001468,28
100001469,30
100001470,26
100001471,29
100001472,13
100001473,9
100001474,1
100001476,26
100001477,14
100001481,13
100001485,24
100001491,19
100001492,6
100001495,30
100001498,6
100001500,11
100001501,30
100001502,24
100001503,27
100001506,1
100001507,4
100001508,3
100001509,3
100001510,9
100001511,30
100001514,1
100001521,24
100001522,20
100001523,20
100001526,3
100001527,4
100001528,19
100001529,18
100001531,11
100001538,20
100001539,20
100001540,24
100001541,29
100001542,20
100001544,5
100001546,27
100001548,8
100001549,4
100001550,3
100001551,2
100001552,2
100001554,2
100001555,3
100001556,2
100001557,2
100001561,3
100001562,3
100001566,2
100001567,3
100001568,3
100001569,5
100001570,13
100001571,2
100001573,15
100001574,29
100001577,11
100001578,22
100001579,26
100001580,13
100001581,29
100001582,29
100001585,6
100001586,6
100001588,30
100001589,30
100001590,30
100001591,23
100001592,30
100001593,30
100001594,30
100001595,30
100001596,30
100001597,30
100001598,30
100001601,2
100001602,8
100001604,25
100001605,9
100001606,29
100001607,31
100001609,7
100001610,7
100001611,7
100001612,11
100001613,15
100001614,15
100001615,4
100001617,15
100001618,26
100001619,24
100001620,26
100001621,28
100001622,14
100001623,10
100001624,23
100001625,7
100001626,27
100001627,6
100001628,14
100001629,27
100001630,31
100001631,20
100001632,22
100001633,22
100001634,10
100001635,3
100001636,6
100001637,5
100001638,9
100001639,9
100001640,14
100001641,29
100001642,7
100001643,28
100001644,19
100001645,11
100001648,1
100001652,3
100001654,21
100001655,21
100001657,7
100001658,7
100001662,3
100001663,23
100001664,27
100001668,19
100001670,5
100001671,5
100001672,15
100001675,20
100001677,20
100001678,14
100001679,14
100001684,20
100001685,20
100001687,21
100001688,7
100001689,21
100001691,6
100001694,28
100001695,20
100001697,13
100001698,13
100001699,4
100001700,13
100001701,4
100001703,13
100001704,13
100001705,13
100001706,31
100001707,29
100001708,29
100001709,29
100001710,29
100001712,28
100001713,1
100001714,28
100001715,27
100001716,27
100001717,10
100001718,1
100001721,6
100001723,26
100001724,27
100001725,27
100001730,26
100001731,23
100001732,23
100001734,11
100001735,8
100001736,27
100001739,13
100001740,19
100001742,30
100001743,30
100001755,9
100001756,14
100001757,25
100001760,23
100001764,10
100001765,4
100001767,14
100001768,24
100001769,11
100001771,22
100001774,7
100001777,21
100001778,21
100001782,6
100001787,10
100001788,23
100001789,7
100001790,11
100001791,25
100001793,25
100001795,19
100001797,14
100001800,10
100001802,0
100001805,26
100001806,9
100001808,9
100001810,24
100001812,21
100001813,21
100001814,21
100001815,21
100001816,28
100001817,1
100001818,6
100001819,1
100001823,6
100001824,11
100001825,1
100001827,21
100001829,27
100001843,11
100001847,27
100001851,11
100001853,9
100001856,5
100001857,2
100001858,28
100001859,6
100001860,6
100001861,6
100001862,6
100001863,6
100001864,6
100001866,5
100001867,10
100001868,25
100001869,2
100001870,2
100001872,2
100001873,2
100001876,24
100001883,13
100001884,29
100001885,14
100001886,29
100001887,11
100001888,14
100001889,11
100001890,29
100001891,29
100001892,14
100001893,11
100001894,11
100001895,11
100001896,11
100001897,11
100001898,24
100001899,1
100001903,7
100001904,22
100001905,22
100001906,1
100001910,7
100001911,27
100001913,1
100001914,7
100001918,31
100001919,20
100001920,7
100001921,7
100001923,19
100001924,6
100001925,28
100001926,30
100001927,27
100001928,27
100001929,14
100001931,21
100001932,27
100001933,27
100001934,27
100001935,23
100001937,6
100001938,5
100001940,9
100001941,14
100001942,23
100001943,23
100001944,30
100001945,23
100001946,0
100001947,28
100001948,30
100001950,21
100001951,21
100001953,20
100001954,11
100001955,29
100001956,26
100001957,0
100001964,8
100001968,5
100001970,10
100001971,10
100001972,20
100001973,10
100001974,7
100001975,1
100001976,20
100001977,2
100001979,1
100001980,2
100001981,1
100001983,7
100001984,2
100001986,6
100001987,8
100001988,8
100001992,8
100001995,7
100001997,25
100001999,7
100002003,7
100002008,29
100002009,8
100002011,8
100002015,8
100002017,8
100002028,8
100002029,8
100002032,7
100002034,8
100002035,8
100002046,16
100002047,10
100002048,20
100002049,9
100002050,20
100002051,10
100002052,10
100002053,10
100002054,10
100002055,10
100002056,10
100002057,10
100002058,20
100002067,8
100002070,4
100002072,25
100002073,26
100002074,10
100002075,20
100002076,5
100002077,14
100002078,10
100002079,11
100002080,10
100002081,10
100002082,4
100002083,23
100002084,22
100002085,11
100002087,10
100002088,20
100002089,14
100002090,23
100002092,10
100002093,11
100002094,10
100002095,22
100002096,20
100002097,20
100002098,11
100002102,15
100002103,19
100002105,4
100002106,3
100002107,3
100002109,6
100002110,6
100002111,3
100002112,21
100002113,24
100002114,24
100002115,4
100002116,4
100002117,20
100002118,13
100002121,1
100002122,20
100002123,14
100002124,8
100002126,8
100002128,8
100002129,7
100002132,15
100002134,13
100002135,13
100002136,13
100002137,13
100002138,13
100002139,1
100002140,1
100002143,28
100002144,1
100002145,1
100002146,28
100002147,3
100002148,3
100002149,3
100002150,30
100002151,21
100002153,3
100002154,3
100002155,27
100002156,9
100002158,27
100002159,7
100002160,27
100002161,10
100002162,13
100002163,13
100002164,13
100002165,13
100002166,13
100002167,13
100002168,13
100002169,13
100002177,6
100002178,7
100002179,19
100002183,3
100002184,9
100002185,22
100002193,26
100002196,13
100002200,11
100002204,14
100002206,10
100002207,4
100002209,13
100002213,19
100002216,10
100002218,24
100002219,4
100002220,10
100002221,20
100002222,3
100002223,10
100002224,22
100002225,4
100002226,1
100002227,8
100002228,18
100002229,1
100002230,11
100002231,22
100002232,15
100002233,22
100002234,1
100002235,9
100002236,20
100002237,22
100002241,9
100002242,28
100002249,26
100002250,25
100002253,20
100002254,4
100002256,7
100002259,3
100002260,7
100002261,21
100002264,27
100002265,1
100002266,1
100002268,6
100002270,7
100002271,1
100002284,6
100002285,4
100002287,11
100002289,28
100002290,28
100002293,23
100002294,23
100002295,6
100002298,5
100002300,28
100002302,28
100002303,28
100002304,14
100002311,7
100002313,7
100002314,18
100002315,16
100002316,18
100002317,18
100002318,18
100002319,5
100002321,27
100002322,27
100002323,9
100002324,11
100002326,27
100002328,29
100002329,22
100002330,20
100002331,22
100002332,5
100002334,4
100002335,11
100002336,29
100002342,29
100002344,11
100002346,29
100002350,29
100002352,30
100002355,29
100002356,29
100002358,29
100002361,10
100002362,10
100002363,9
100002365,10
100002366,10
100002367,6
100002369,8
100002371,20
100002372,11
100002373,23
100002374,9
100002376,29
100002377,1
100002378,19
100002379,8
100002381,22
100002382,22
100002383,27
100002384,3
100002385,22
100002386,22
100002387,22
100002388,16
100002389,10
100002390,25
100002391,22
100002392,22
100002393,22
100002394,10
100002395,22
100002396,10
100002397,15
100002398,0
100002400,8
100002401,15
100002402,8
100002403,7
100002405,24
100002406,28
100002407,7
100002410,27
100002412,28
100002413,28
100002414,28
100002415,28
100002417,30
100002418,11
100002423,11
100002427,30
100002428,28
100002432,10
100002433,20
100002434,20
100002436,20
100002439,6
100002441,6
100002444,28
100002445,8
100002448,8
100002449,8
100002451,9
100002454,28
100002455,19
100002457,13
100002458,13
100002459,4
100002461,1
100002462,6
100002463,15
100002464,27
100002466,24
100002467,6
100002468,6
100002477,21
100002482,20
100002486,21
100002487,22
100002488,7
100002489,27
100002491,21
100002494,8
100002495,21
100002497,21
100002498,6
100002500,24
100002502,21
100002503,21
100002512,28
100002514,14
100002520,6
100002527,1
100002528,15
100002530,7
100002533,27
100002534,20
100002535,29
100002537,11
100002544,11
100002546,30
100002549,7
100002550,7
100002554,3
100002555,6
100002557,0
100002560,8
100002568,21
100002569,21
100002570,9
100002573,6
100002577,28
100002581,8
100002582,8
100002583,8
100002584,8
100002586,8
100002604,5
100002606,11
100002610,19
100002613,29
100002619,6
100002622,7
100002623,15
100002627,28
100002628,28
100002633,15
100002634,4
100002636,7
100002638,7
100002642,28
100002643,21
100002662,8
100002665,8
100002668,11
100002669,7
100002670,24
100002675,28
100002676,5
100002678,6
100002679,11
100002682,28
100002687,27
100002694,1
100002697,21
100002698,8
100002700,14
100002703,22
100002704,27
100002708,8
100002710,23
100002712,21
100002713,21
100002715,22
100002717,27
100002718,28
100002719,3
100002721,7
100002722,23
100002724,1
100002725,1
100002726,23
100002727,8
100002728,27
100002732,22
100002733,28
100002734,25
100002735,27
100002736,22
100002737,20
100002738,23
100002739,10
100002740,1
100002742,20
100002743,8
100002744,9
100002745,27
100002746,14
100002749,24
100002751,13
100002752,13
100002753,13
100002754,13
100002755,13
100002756,13
100002758,1
100002759,8
100002760,8
100002761,7
100002762,21
100002763,3
100002764,6
100002765,28
100002766,8
100002767,8
100002769,11
100002772,9
100002773,7
100002774,9
100002775,24
100002776,1
100002777,14
100002779,10
100002780,29
100002781,8
100002782,1
100002784,24
100002787,23
100002791,13
100002796,13
100002797,20
100002798,8
100002799,27
100002800,27
100002802,21
100002803,7
100002804,27
100002805,27
100002806,23
100002807,10
100002808,27
100002809,27
100002810,27
100002811,27
100002812,3
100002813,13
100002814,9
100002815,28
100002816,25
100002817,21
100002819,13
100002820,11
100002821,4
100002822,28
100002823,13
100002825,13
100002828,2
100002829,22
100002831,22
100002836,13
100002837,13
100002838,13
100002841,13
100002843,13
100002849,6
100002850,7
100002854,10
100002856,8
100002857,10
100002865,2
100002868,3
100002873,3
100002876,2
100002879,5
100002880,5
100002881,6
100002883,1
100002884,10
100002887,1
100002892,22
100002893,21
100002895,21
100002898,20
100002900,24
100002905,28
100002910,20
100002911,7
100002912,7
100002913,7
100002914,10
100002916,20
100002917,10
100002921,21
100002923,21
100002927,11
100002928,8
100002929,31
100002930,19
100002931,19
100002933,19
100002934,19
100002935,19
100002936,19
100002938,19
100002939,19
100002943,7
100002944,7
100002945,29
100002946,19
100002948,28
100002951,15
100002952,4
100002953,4
100002957,7
100002958,1
100002959,1
100002960,1
100002961,1
100002962,27
100002963,27
100002966,27
100002967,27
100002968,27
100002978,24
100002979,7
100002980,28
100002981,23
100002983,13
100002984,13
100002986,28
100002987,13
100002988,13
100002989,13
100002990,13
100002991,30
100002992,21
100002993,7
100002994,19
100002995,21
100002999,24
100003000,3
100003001,3
100003002,22
100003003,23
100003004,22
100003005,6
100003008,3
100003009,1
100003014,10
100003015,10
100003016,10
100003017,10
100003018,10
100003023,10
100003024,7
100003034,7
100003047,7
100003055,21
100003061,19
100003063,5
100003064,6
100003066,8
100003070,27
100003071,9
100003072,23
100003073,7
100003075,13
100003076,7
100003077,8
100003098,27
100003101,19
100003106,23
100003107,23
100003109,23
100003110,23
100003112,27
100003113,23
100003114,1
100003115,1
100003119,5
100003120,1
100003122,1
100003124,6
100003127,6
100003128,27
100003129,7
100003131,6
100003132,6
100003136,27
100003139,1
100003145,1
100003150,28
100003151,30
100003152,15
100003153,24
100003154,24
100003155,11
100003158,24
100003159,24
100003160,24
100003161,14
100003162,23
100003163,3
100003164,24
100003165,11
100003166,11
100003167,11
100003168,11
100003169,29
100003170,14
100003172,29
100003173,23
100003174,24
100003176,23
100003177,23
100003178,29
100003179,29
100003180,24
100003181,11
100003182,11
100003184,11
100003185,29
100003186,23
100003188,29
100003189,23
100003190,24
100003192,23
100003193,23
100003194,29
100003195,24
100003196,24
100003197,24
100003198,24
100003199,23
100003200,23
100003201,24
100003202,11
100003203,29
100003204,29
100003205,23
100003206,23
100003207,24
100003208,23
100003209,29
100003210,29
100003226,10
100003231,27
100003235,20
100003236,20
100003239,25
100003240,25
100003241,26
100003242,29
100003250,14
100003252,14
100003253,23
100003254,28
100003255,28
100003256,6
100003257,19
100003258,19
100003259,7
100003260,24
100003262,26
100003263,0
100003264,0
100003265,23
100003268,30
100003269,9
100003270,9
100003271,11
100003272,21
100003273,0
100003274,14
100003275,0
100003276,0
100003277,14
100003281,1
100003283,1
100003285,1
100003286,1
100003292,20
100003293,9
100003298,21
100003312,8
100003314,1
100003320,27
100003321,27
100003324,27
100003332,7
100003333,6
100003334,28
100003335,7
100003344,1
100003347,1
100003352,1
100003354,7
100003365,10
100003366,28
100003368,27
100003374,1
100003380,20
100003381,1
100003385,14
100003393,20
100003394,31
100003397,3
100003398,6
100003401,6
100003402,6
100003403,6
100003406,6
100003407,8
100003408,7
100003412,7
100003415,26
100003417,9
100003419,0
100003420,27
100003421,14
100003422,28
100003423,27
100003424,28
100003425,9
100003426,8
100003427,31
100003428,31
100003430,28
100003431,6
100003432,20
100003433,10
100003434,9
100003437,22
100003438,27
100003439,27
100003441,10
100003442,27
100003443,20
100003444,10
100003445,27
100003446,23
100003447,22
100003448,27
100003449,22
100003450,27
100003451,22
100003452,1
100003459,5
100003462,28
100003463,24
100003464,6
100003469,21
100003470,7
100003472,13
100003473,11
100003474,9
100003475,27
100003483,8
100003484,7
100003489,1
100003490,21
100003491,20
100003493,10
100003494,1
100003495,8
100003496,1
100003497,1
100003498,1
100003499,1
100003500,21
100003502,1
100003504,9
100003505,10
100003506,10
100003507,24
100003508,14
100003509,24
100003510,24
100003511,11
100003512,11
100003513,14
100003514,24
100003515,24
100003517,28
100003518,24
100003519,24
100003520,24
100003521,24
100003522,24
100003523,24
100003524,14
100003525,14
100003526,24
100003527,24
100003528,24
100003529,24
100003530,14
100003531,29
100003532,29
100003533,24
100003534,29
100003535,24
100003536,14
100003537,11
100003538,11
100003539,24
100003540,24
100003541,14
100003542,14
100003543,14
100003544,23
100003545,14
100003546,28
100003547,23
100003548,23
100003549,27
100003550,14
100003551,14
100003552,9
100003553,14
100003554,24
100003555,24
100003556,24
100003557,24
100003558,24
100003559,24
100003560,24
100003561,24
100003562,14
100003563,24
100003564,23
100003565,24
100003566,24
100003567,24
100003568,24
100003569,24
100003570,24
100003571,24
100003572,24
100003573,24
100003574,24
100003575,24
100003576,24
100003577,24
100003578,24
100003579,24
100003580,14
100003581,24
100003582,14
100003583,24
100003584,24
100003585,24
100003586,24
100003587,24
100003588,14
100003589,23
100003590,23
100003591,14
100003592,23
100003593,23
100003594,27
100003595,14
100003596,14
100003597,24
100003598,14
100003599,23
100003600,10
100003601,23
100003603,1
100003604,23
100003605,27
100003606,24
100003607,23
100003608,24
100003609,9
100003610,9
100003611,14
100003612,23
100003613,23
100003614,14
100003615,23
100003616,27
100003617,27
100003618,23
100003619,23
100003620,23
100003621,14
100003622,14
100003623,24
100003624,24
100003625,11
100003626,14
100003627,11
100003628,24
100003629,24
100003630,24
100003631,24
100003632,24
100003633,11
100003634,23
100003635,11
100003636,29
100003637,24
100003638,30
100003639,11
100003640,11
100003641,29
100003642,23
100003643,29
100003644,29
100003645,23
100003646,30
100003647,24
100003648,23
100003649,23
100003650,29
100003651,24
100003652,24
100003653,24
100003654,24
100003655,24
100003656,24
100003657,24
100003658,14
100003659,24
100003660,24
100003661,14
100003662,24
100003663,24
100003664,24
100003665,23
100003666,24
100003667,29
100003668,0
100003669,24
100003670,28
100003671,28
100003672,14
100003673,23
100003674,0
100003675,28
100003676,0
100003677,23
100003678,28
100003679,28
100003680,27
100003681,28
100003682,28
100003683,1
100003684,6
100003685,6
100003686,23
100003687,13
100003688,13
100003689,6
100003690,6
100003691,6
100003692,6
100003693,19
100003695,6
100003696,9
100003699,7
100003700,26
100003701,27
100003702,23
100003703,29
100003704,24
100003705,24
100003706,19
100003707,24
100003708,14
100003709,14
100003710,24
100003711,29
100003712,24
100003716,11
100003720,3
100003721,6
100003724,7
100003729,27
100003731,6
100003734,27
100003744,0
100003745,23
100003749,13
100003750,13
100003759,22
100003760,23
100003761,14
100003762,7
100003763,8
100003764,8
100003769,27
100003771,28
100003773,26
100003774,26
100003775,26
100003776,14
100003777,18
100003778,4
100003779,31
100003780,31
100003781,31
100003782,20
100003783,0
100003784,18
100003785,29
100003786,26
100003787,31
100003788,26
100003789,10
100003790,13
100003791,10
100003792,10
100003798,9
100003802,1
100003803,20
100003820,22
100003822,19
100003823,22
100003824,14
100003825,20
100003827,19
100003835,28
100003866,28
100003867,27
100003868,7
100003869,7
100003870,6
100003871,6
100003872,6
100003873,13
100003874,29
100003875,8
100003881,24
100003884,27
100003891,9
100003892,24
100003893,28
100003896,1
100003899,7
100003900,19
100003901,3
100003903,13
100003907,1
100003915,15
100003917,13
100003926,3
100003931,22
100003940,4
100003943,30
100003944,6
100003945,5
100003947,6
100003949,6
100003951,14
100003953,13
100003954,9
100003958,1
100003963,20
100003964,9
100003965,22
100003966,30
100003967,8
100003968,27
100003969,9
100003988,10
100003990,10
100003991,20
100003992,10
100003993,20
100003994,20
100003999,26
100004000,29
100004010,23
100004011,24
100004012,1
100004013,27
100004014,8
100004015,1
100004016,27
100004017,7
100004018,27
100004019,7
100004020,7
100004021,8
100004022,28
100004023,1
100004024,21
100004025,1
100004026,27
100004027,7
100004028,1
100004029,7
100004030,6
100004032,28
100004033,1
100004034,29
100004035,28
100004039,6
100004040,6
100004041,23
100004042,23
100004043,29
100004044,20
100004045,27
100004046,14
100004047,28
100004048,28
100004049,9
100004050,0
100004051,9
100004052,30
100004054,30
100004055,22
100004056,4
100004057,10
100004058,9
100004059,3
100004061,6
100004063,6
100004083,7
100004084,8
100004085,26
100004087,27
100004088,13
100004089,11
100004090,11
100004091,11
100004096,15
100004099,9
100004100,9
100004111,10
100004113,11
100004120,11
100004121,23
100004125,11
100004126,23
100004130,24
100004132,1
100004133,8
100004134,8
100004135,19
100004136,28
100004137,8
100004138,27
100004139,21
100004143,22
100004146,22
100004149,27
100004150,23
100004151,23
100004156,3
100004157,27
100004158,1
100004159,1
100004160,28
100004162,19
100004163,9
100004167,13
100004169,29
100004170,23
100004171,23
100004173,23
100004174,27
100004175,1
100004176,27
100004177,27
100004179,27
100004180,1
100004182,7
100004185,23
100004186,8
100004187,9
100004189,10
100004193,0
100004194,8
100004195,4
100004197,9
100004199,15
100004201,21
100004202,20
100004203,1
100004206,22
100004207,13
100004208,25
100004211,9
100004216,9
100004217,21
100004218,9
100004219,15
100004220,9
100004221,8
100004226,13
100004227,11
100004228,8
100004233,9
100004234,22
100004236,4
100004238,10
100004239,9
100004240,10
100004241,1
100004242,10
100004245,10
100004246,23
100004247,9
100004248,5
100004249,3
100004250,20
100004251,11
100004252,3
100004253,9
100004254,10
100004255,9
100004257,10
100004258,22
100004259,24
100004260,29
100004261,5
100004262,15
100004263,28
100004264,15
100004265,22
100004266,21
100004267,7
100004269,9
100004270,8
100004271,7
100004272,8
100004275,22
100004277,0
100004280,15
100004281,20
100004282,10
100004283,9
100004284,4
100004285,9
100004286,10
100004287,15
100004288,22
100004289,27
100004290,20
100004291,9
100004292,18
100004294,18
100004295,0
100004296,10
100004299,14
100004311,1
100004312,1
100004314,21
100004315,22
100004318,22
100004322,25
100004324,25
100004328,3
100004329,3
100004330,22
100004343,10
100004350,8
100004357,1
100004359,14
100004360,14
100004362,14
100004363,27
100004364,30
100004365,10
100004368,23
100004373,28
100004379,16
100004390,20
100004391,16
100004394,13
100004396,11
100004398,8
100004409,29
100004410,20
100004413,13
100004414,29
100004417,24
100004418,23
100004422,4
100004434,27
100004440,19
100004442,13
100004443,13
100004449,22
100004450,20
100004451,10
100004453,20
100004455,22
100004456,27
100004458,22
100004460,27
100004461,22
100004462,22
100004463,22
100004464,22
100004465,22
100004472,21
100004473,10
100004477,6
100004481,7
100004482,7
100004483,7
100004488,28
100004489,26
100004493,28
100004494,28
100004495,21
100004496,21
100004497,0
100004498,14
100004499,14
100004500,21
100004501,21
100004504,10
100004506,10
100004507,20
100004508,10
100004509,24
100004511,30
100004514,1
100004516,1
100004518,22
100004520,4
100004536,22
100004537,9
100004541,28
100004542,26
100004544,30
100004545,29
100004546,26
100004547,30
100004548,30
100004549,30
100004555,3
100004557,27
100004558,27
100004559,3
100004560,9
100004561,9
100004568,11
100004569,11
100004570,15
100004571,15
100004573,8
100004575,11
100004579,23
100004581,11
100004584,30
100004586,11
100004587,29
100004588,29
100004590,4
100004591,24
100004601,20
100004602,22
100004603,19
100004605,28
100004609,28
100004610,22
100004612,13
100004613,13
100004628,8
100004630,27
100004633,31
100004635,24
100004639,30
100004641,7
100004644,9
100004655,1
100004656,15
100004662,24
100004668,8
100004678,8
100005258,20
100005259,20
100005260,21
100005261,21
100005262,21
100005263,21
100005264,21
100005346,7
100005347,7
100005348,7
100005349,7
100005353,3
100005358,3
100005365,7
100005373,6
100005375,27
100005382,0
100005383,28
100005384,28
100005385,5
100005386,25
100005389,25
100005391,9
100005400,7
100005402,7
100005403,7
100005405,7
100005408,7
100005412,7
100005414,7
100005437,26
100005438,5
100005443,6
100005445,31
100005462,28
100005463,11
100005466,15
100005473,27
100005675,24
100005717,19
100005735,23
100005738,7
100005804,21
100005805,3
100005811,1
100005812,1
100005813,1
100005817,13
100005818,11
100005825,15
100005829,15
100005834,11
100005837,8
100005838,27
100005840,6
100005842,10
100005843,23
100005850,30
100005852,5
100005853,24
100005863,0
100005864,6
100005929,1
100005931,1
100005933,21
100005934,19
100005936,28
100005937,27
100005938,27
100005939,21
100005940,27
100005941,7
100005942,28
100005943,6
100005944,7
100005945,24
100005946,6
100005947,6
100005948,24
100005950,7
100005951,7
100005952,29
100005955,11
100005968,0
100005969,28
100005971,7
100005979,6
100005980,1
100005985,3
100005986,2
100005987,14
100005988,11
100005996,3
100005998,3
100005999,8
100006000,28
100006001,28
100006010,7
100006011,7
100006012,1
100006014,1
100006015,7
100006016,7
100006018,7
100006019,1
100006021,1
100006022,1
100006027,7
100006028,1
100006031,12
100006032,1
100006033,1
100006034,1
100006035,1
100006036,1
100006041,28
100006043,21
100006044,21
100006046,9
100006047,9
100006048,10
100006051,3
100006052,1
100006053,24
100006054,15
100006055,0
100006056,23
100006057,24
100006064,21
100006065,30
100006066,30
100006067,14
100006068,30
100006069,29
100006070,23
100006071,1
100006072,1
100006073,1
100006074,28
100006075,27
100006076,1
100006077,28
100006078,1
100006082,10
100006083,23
100006084,30
100006087,9
100006091,25
100006092,25
100006093,13
100006094,25
100006095,25
100006098,9
100006100,20
100006101,25
100006102,25
100006104,5
100006105,25
100006107,23
100006108,3
100006110,3
100006115,6
100006121,13
100006122,19
100006123,0
100006124,11
100006125,25
100006128,27
100006129,10
100006146,15
100006150,25
100006152,10
100006153,9
100006167,25
100006168,25
100006171,25
100006173,8
100006181,1
100006182,25
100006183,25
100006184,25
100006186,1
100006187,27
100006190,9
100006191,28
100006192,20
100006194,22
100006195,20
100006197,20
100006198,22
100006199,22
100006201,10
100006202,9
100006203,25
100006204,10
100006205,10
100006206,9
100006208,10
100006209,10
100006210,20
100006214,22
100006215,22
100006216,22
100006217,22
100006219,10
100006223,10
100006224,22
100006226,10
100006227,22
100006229,9
100006230,14
100006231,1
100006232,27
100006233,27
100006236,28
100006237,28
100006238,27
100006239,27
100006240,14
100006245,10
100006246,1
100006247,20
100006251,0
100006253,28
100006254,25
100006256,25
100006259,22
100006262,25
100006263,25
100006264,25
100006265,1
100006266,1
100006269,25
100006271,25
100006276,9
100006280,25
100006282,27
100006290,28
100006292,2
100006294,2
100006295,2
100006296,2
100006298,2
100006314,28
100006336,0
100006338,9
100006339,19
100006351,1
100006352,13
100006353,1
100006355,9
100006358,13
100006360,9
100006361,25
100006362,27
100006367,4
100006369,24
100006370,7
100006372,28
100006378,14
100006379,28
100006381,28
100006382,12
100006383,28
100006384,12
100006385,20
100006424,11
100006427,0
100006428,8
100006430,6
100006431,8
100006432,8
100006433,8
100006434,19
100006435,6
100006436,4
100006438,15
100006439,27
100006440,1
100006441,0
100006599,3
100006600,2
100006601,11
100006602,13
100006603,31
100006614,30
100006638,7
100006641,7
100006668,9
100006678,21
100006679,28
100006720,20
100006721,1
100006722,1
100006723,9
100006724,1
100006725,6
100006726,13
100006727,1
100006729,26
100006730,23
100006732,20
100006733,7
100006740,28
100006741,12
100006744,23
100006745,7
100006746,10
100006747,14
100006748,28
100006749,0
100006750,14
100006751,14
100006753,0
100006754,23
100006755,14
100006756,27
100006757,27
100006758,14
100006759,28
100006760,23
100006761,27
100006762,28
100006763,14
100006764,23
100006765,27
100006766,27
100006767,6
100006778,23
100006780,12
100006781,12
100006782,12
100006783,12
100008903,2
100008904,2
100008905,2
100008906,2
100008910,5
100008912,5
100008914,2
100008915,2
100008916,2
100008917,2
100008918,2
100008919,2
100008920,28
100008921,3
100008922,28
100008924,27
100008926,9
100008928,4
100008929,11
100008930,13
100008931,28
100008932,25
100008933,0
100008934,0
100008935,9
100008936,13
100008938,0
100008941,27
100008942,27
100008943,29
100008944,13
100008945,20
100008946,23
100008947,8
100008948,23
100008949,27
100008950,27
100008951,23
100008954,3
100008955,3
100008956,2
100008957,2
100008958,27
100008959,27
100008960,8
100008961,9
100008962,1
100008963,29
100008964,27
100008965,27
100008966,8
100008967,1
100008968,8
100008969,8
100008970,27
100008971,27
100008972,27
100008973,8
100008974,27
100008975,19
100008976,2
100008977,2
100008980,2
100008981,2
100008984,2
100008988,28
100008990,2
100008992,2
100008993,2
100008998,30
100008999,2
100009000,2
100009002,2
100009004,2
100009005,5
100009014,2
100009020,3
100009023,7
100009025,3
100009026,3
100009028,3
100009029,5
100009030,7
100009031,28
100009032,28
100009034,27
100009038,3
100009041,5
100009050,23
100009052,5
100009056,28
100009057,7
100009058,7
100009059,21
100009060,7
100009061,7
100009062,7
100009063,7
100009064,28
100009068,9
100009069,5
100009072,2
100009074,3
100009075,2
100009078,2
100009087,5
100009121,2
100009123,2
100009131,2
100009134,2
100009138,2
100009147,3
100009154,2
100009160,2
100009162,3
100009166,2
100009181,28
100009185,2
100009204,5
100009205,5
100009217,2
100009222,2
100009225,5
100009227,5
100009231,11
100009232,26
100009233,3
100009236,30
100009237,11
100009238,7
100009239,0
100009240,23
100009242,23
100009243,23
100009246,4
100009247,4
100009250,23
100009251,8
100009252,8
100009253,12
100009255,7
100009256,8
100009257,7
100009258,21
100009264,7
100009278,13
100009283,7
100009284,7
100009288,11
100009291,24
100009292,24
100009293,24
100009303,24
100009305,24
100009306,23
100009307,23
100009309,24
100009310,24
100009311,28
100009312,23
100009314,24
100009315,24
100009316,23
100009317,24
100009318,23
100009323,23
100009325,11
100009326,28
100009327,9
100009329,5
100009331,30
100009332,13
100009333,13
100009334,30
100009337,9
100009343,2
100009344,2
100009351,2
100009389,23
100009390,1
100009391,20
100009393,13
100009394,13
100009406,3
100009408,2
100009409,13
100009410,13
100009413,9
100009414,7
100009415,24
100010834,11
100010836,29
100010837,1
100010841,13
100010842,7
100010843,13
100010866,13
100010867,15
100010868,21
100010869,11
100010895,28
100010896,28
100010897,7
100010901,28
100010902,6
100010903,24
100010904,27
100010906,28
100010917,24
100010941,13
100010945,7
100010948,24
100010950,13
100010955,5
100010957,28
100010975,9
100010976,1
100010977,22
100015586,3
100015591,2
100015609,2
100015612,12
100015613,1
100015615,21
100015620,7
100015623,7
100015635,2
100015636,13
100015637,4
100015640,24
100015642,5
100015643,24
100015646,19
100015648,21
100015649,21
100015650,21
100015651,3
100015657,6
100015659,14
100015660,12
100015662,4
100015665,5
100015666,24
100015678,23
100015691,13
100015692,13
100015702,13
100015715,7
100015724,6
100015731,0
100015735,24
100015736,29
100015737,24
100015744,13
100015755,24
100015759,3
100015761,5
100015766,5
100015776,27
100015777,12
100015778,12
100015779,12
100015780,3
100015781,27
100015782,12
100015783,12
100015785,13
100015792,3
100015794,27
100015796,12
100015797,13
100015798,13
100015799,13
100015800,13
100015801,12
100015802,12
100015803,12
100015834,3
100015837,2
100015846,3
100015853,26
100015854,26
100015860,24
100015862,13
100015863,4
100015865,6
100015873,23
100015874,26
100015875,28
100015876,6
100015877,12
100015878,3
100015879,12
100015884,13
100015885,7
100015886,28
100015887,21
100015888,23
100015889,28
100015890,4
100015891,7
100015892,28
100015893,21
100015894,28
100015895,27
100015896,28
100015897,28
100015898,28
100015899,28
100015900,6
100015901,28
100015902,21
100015903,6
100015904,21
100015905,12
100015906,12
100015907,12
100015908,12
100015909,27
100015910,12
100015919,8
100015920,14
100015921,5
100015922,0
100015923,11
100015924,26
100015925,5
100015936,28
100015938,30
100015944,13
100015948,13
100015952,9
100015953,3
100015954,28
100015962,3
100015965,19
100015972,12
100015973,7
100015975,12
100015977,11
100015980,26
100015981,20
100015982,22
100015983,22
100015984,22
100015985,27
100015986,7
100015988,7
100015990,21
100015991,21
100016002,26
100016013,13
100016015,20
100016018,12
100016020,3
100016035,6
100016037,8
100016038,15
100016040,23
100016041,29
100016044,7
100016045,19
100016047,21
100016048,12
100016050,8
100016051,8
100016052,7
100016053,7
100016086,19
100016110,13
100019760,7
100019761,6
100019770,3
100019772,3
100019800,3
100019878,11
100019890,26
100019892,11
100019893,4
100019894,11
100019915,28
100019919,24
100019928,23
100019929,24
100019934,23
100019939,23
100019942,23
100019944,24
100019945,29
100019946,29
100019947,26
100019948,29
100019949,29
100019952,29
100019953,29
100019956,0
100019960,4
100019961,4
100019968,6
100019969,15
100019970,4
100019978,13
100020004,14
100020184,11
100020202,4
100020203,3
100020205,20
100020208,5
100020209,23
100020215,29
100020217,3
100020218,11
100020219,22
100020227,28
100020234,14
100020243,9
100020245,25
100020272,25
100020273,28
100020343,13
100020349,1
100020351,29
100020360,9
100020361,0
100020362,24
100020363,24
100020364,29
100020366,0
100020369,0
100020371,3
100020372,9
100020373,30
100020377,6
100020378,11
100020409,28
100020410,25
100020413,22
100020414,12
100020416,10
100020417,29
100020488,11
100020515,27
100020521,25
100020542,7
100020549,7
100020553,7
100020565,23
100020627,4
100020628,29
100020671,7
100020672,7
100020673,8
100020676,28
100020678,7
100020679,29
100020680,10
100020681,7
100020682,27
100020683,27
100020684,27
100020685,28
100020723,7
100020727,7
100020754,26
100020759,13
100020787,27
100020790,27
100020791,27
100020792,27
100020800,28
100020801,21
100020805,27
100020810,3
100020812,1
100020813,1
100020814,1
100020815,1
100020817,7
100020823,7
100020833,15
100020834,13
100020835,9
100020837,9
100020838,29
100020840,13
100020859,7
100020860,7
100020866,24
100020867,28
100020868,12
100020869,12
100020870,28
100020871,28
100020872,21
100020873,6
100020876,7
100020877,12
100020878,28
100020879,23
100020880,23
100020881,8
100020882,30
100020883,12
100020884,5
100020885,28
100020886,12
100020887,28
100020888,8
100020889,12
100020890,12
100020891,6
100020892,12
100020893,11
100020894,6
100020896,19
100020906,12
100020907,12
100020909,12
100020914,12
100020915,12
100020916,12
100020917,12
100020918,6
100020919,28
100020920,12
100020921,28
100020922,12
100020923,1
100020924,12
100020925,12
100020926,21
100020927,28
100020929,2
100020931,12
100020932,28
100020933,8
100020934,12
100020935,12
100020936,12
100020937,5
100020939,13
100020940,26
100020941,26
100020942,13
100020944,12
100020945,12
100020946,12
100020947,12
100020948,12
100020949,8
100020950,7
100020951,8
100020952,8
100020954,8
100020955,8
100020956,8
100020958,0
100020959,9
100020960,0
100020961,28
100020962,8
100020966,10
100020967,21
100020968,29
100020974,0
100021003,0
100021007,23
100021017,1
100021018,0
100021029,10
100021033,22
100021038,12
100021039,12
100021040,12
100021042,7
100021044,6
100021045,12
100021046,12
100021047,2
100021048,7
100021049,8
100021050,21
100021051,12
100021052,11
100021054,28
100021059,1
100021060,11
100021062,21
100021065,14
100021070,28
100021071,21
100021072,7
100021074,12
100021075,12
100021076,6
100021077,12
100021078,17
100021079,12
100021080,12
100021082,24
100021083,7
100021084,29
100021086,28
100021087,9
100021093,7
100021099,10
100021106,26
100021109,12
100021110,16
100021112,18
100021114,28
100021115,6
100021117,6
100021118,6
100021121,28
100021122,23
100021124,10
100021125,26
100021129,27
100021130,11
100021194,11
100021196,14
100021197,14
100021198,23
100021200,15
100021202,28
100021216,25
100021234,28
100021235,20
100021236,28
100021237,5
100021238,23
100021240,12
100021241,12
100021242,12
100021243,20
100021244,20
100021245,12
100021250,12
100021251,14
100021252,12
100021253,13
100021255,12
100021256,12
100021257,12
100021258,12
100021259,12
100021261,14
100021262,14
100021263,28
100021265,6
100021267,12
100021268,12
100021269,12
100021270,10
100021271,12
100021273,6
100021274,28
100021276,12
100021277,14
100021278,12
100021279,14
100021280,12
100021281,0
100021282,9
100021283,12
100021285,12
100021288,13
100021294,1
100021321,9
100021322,14
100021323,14
100021328,21
100021329,22
100021333,29
100021334,19
100021338,1
100021342,15
100021351,3
100021352,8
100021353,8
100021356,8
100021358,7
100021363,10
100021368,19
100021371,28
100021372,4
100021375,4
100021377,15
100021379,13
100021380,13
100021386,15
100021388,4
100021390,15
100021392,3
100021400,6
100021413,19
100021414,19
100021415,13
100021416,13
100021417,13
100021418,9
100021421,9
100021422,0
100021437,13
100021453,15
100021458,6
100021470,11
100021478,14
100021487,28
100021489,28
100021503,26
100021504,1
100021518,19
100021519,28
100021522,21
100021524,20
100021528,4
100021529,11
100021530,11
100021534,11
100021535,11
100021536,29
100021537,6
100021538,25
100021539,20
100021547,11
100021550,12
100021551,12
100021552,22
100021553,12
100021566,27
100021568,8
100021572,21
100021586,23
100021633,19
100021634,6
100021635,19
100021637,8
100021641,0
100021643,13
100021644,26
100021645,11
100021650,7
100021652,7
100021671,7
100021672,7
100021673,30
100021696,11
100021705,4
100021706,11
100021732,0
100021734,28
100021742,26
100021746,22
100021747,27
100021748,1
100021758,27
100021761,24
100021770,21
100021779,30
100021780,27
100021781,1
100021782,27
100021783,20
100021784,20
100021785,12
100021787,14
100021790,11
100021791,12
100021792,25
100021793,12
100021794,12
100021795,12
100021796,12
100021797,8
100021798,7
100021800,14
100021801,12
100021802,12
100021803,12
100021804,27
100021805,12
100021806,12
100021807,12
100021808,12
100021810,12
100021811,12
100021832,6
100021848,1
100021873,6
100021874,6
100021879,28
100021880,30
100021881,27
100021884,8
100021886,3
100021895,10
100021896,27
100021897,12
100021898,27
100021901,27
100021902,12
100021903,12
100021904,12
100021905,12
100021906,12
100021907,12
100021908,12
100021909,12
100021910,12
100021911,12
100021912,12
100021913,12
100021914,12
100021916,0
100021918,12
100021921,4
100021931,20
100021932,9
100021934,20
100021936,11
100021937,1
100021938,27
100021940,15
100021941,14
100021942,22
100021943,6
100021945,27
100021946,28
100021947,23
100021948,8
100021953,29
100021955,24
100021956,0
100021960,25
100021961,28
100021965,25
100021966,1
100021968,1
100021969,26
100021972,22
100021973,19
100021975,19
100021979,0
100021980,1
100021981,27
100021984,25
100021985,14
100021987,20
100021988,15
100021995,27
100021996,27
100021997,1
100021998,1
100021999,1
100022001,19
100022002,19
100022022,22
100022035,21
100022042,0
100022132,27
100022133,29
100022134,14
100022139,1
100022144,0
100022145,0
100022147,10
100022148,11
100022149,4
100022150,9
100022151,14
100022152,1
100022153,23
100022154,0
100022155,0
100022156,0
100022157,14
100022158,22
100022159,20
100022160,14
100022161,1
100022164,9
100022169,19
100022172,5
100022184,15
100022196,11
100022276,7
100022280,9
100022282,8
100022283,23
100022284,27
100022286,30
100022287,23
100022293,5
100022294,22
100022295,1
100022297,1
100022405,30
100022408,9
100022413,20
100022417,1
100022423,7
100022425,14
100022426,15
100022427,20
100022428,11
100022429,3
100022437,23
100022448,8
100022458,28
100022470,11
100022471,22
100022474,2
100022475,6
100022480,11
100022482,23
100022485,11
100022554,1
100022604,14
1525,2
1542,29
1868,7
100000111,2
100000332,21
100000462,10
100000566,28
100000567,28
100000570,28
100000608,21
100000612,3
100000619,28
100000628,3
100000641,5
100000643,2
100000658,3
100000659,5
100000711,25
100000913,23
100000941,29
100000950,29
100001071,7
100001123,23
100001138,23
100001281,21
100001291,21
100001319,24
100001321,21
100001323,21
100001325,21
100001326,21
100001327,21
100001330,23
100001332,19
100001338,21
100001339,21
100001340,21
100001341,21
100001342,21
100001343,21
100001344,21
100001345,21
100001346,21
100001387,21
100001388,21
100001389,21
100001442,28
100001459,28
100001462,5
100001478,21
100001480,21
100001482,13
100001483,13
100001484,13
100001489,21
100001490,21
100001547,8
100001553,2
100001558,2
100001560,3
100001563,3
100001564,3
100001565,2
100001599,21
100001651,3
100001674,2
100001738,5
100001746,30
100001759,20
100001776,13
100001783,21
100001784,19
100001785,26
100001807,9
100001878,28
100001949,19
100002004,7
100002061,13
100002062,29
100002063,2
100002064,2
100002091,21
100002099,1
100002171,26
100002173,30
100002842,13
100002844,13
100002863,2
100002869,3
100002871,2
100002874,3
100002875,3
100002877,3
100002942,6
100002998,7
100003012,13
100003013,13
100003019,8
100003020,7
100003021,7
100003022,7
100003065,6
100003156,24
100003157,11
100003171,24
100003175,29
100003183,11
100003187,29
100003191,29
100003251,24
100003311,23
100003429,27
100003602,13
100003718,24
100003719,11
100003793,7
100003877,21
100003904,7
100003941,11
100003956,14
100004107,25
100004243,1
100004323,25
100004326,25
100004327,5
100004416,11
100004444,5
100004445,5
100004446,5
100004521,11
100004523,11
100004525,23
100004526,14
100004533,23
100004534,29
100004535,23
100004552,2
100004565,10
100004578,11
100004596,23
100004598,11
100004615,14
100004631,11
100004632,4
100004634,25
100004636,27
100004646,9
100004657,28
100004661,6
100005351,2
100005352,3
100005354,3
100005357,2
100005371,2
100005376,24
100005394,7
100005441,8
100005673,2
100005712,13
100005714,2
100005716,5
100005726,1
100005849,30
100005851,28
100005855,25
100005959,23
100005960,23
100005962,23
100005973,30
100006089,25
100006116,25
100006163,25
100006260,9
100006347,25
100006374,25
100006620,30
100006743,28
100008908,28
100008913,28
100008953,13
100008979,2
100008986,11
100008987,11
100008989,2
100008991,2
100008994,2
100008995,5
100008996,5
100008997,2
100009003,2
100009006,2
100009008,2
100009009,2
100009015,2
100009018,2
100009021,2
100009027,3
100009033,13
100009035,2
100009036,2
100009037,2
100009045,23
100009051,2
100009053,5
100009054,2
100009065,2
100009066,28
100009067,2
100009070,2
100009071,2
100009073,2
100009076,2
100009079,2
100009082,2
100009083,5
100009084,2
100009085,5
100009091,2
100009093,2
100009094,5
100009099,5
100009101,5
100009102,5
100009104,2
100009105,2
100009106,5
100009108,2
100009110,5
100009113,5
100009117,2
100009120,2
100009122,2
100009124,2
100009125,2
100009126,2
100009127,2
100009129,2
100009130,2
100009132,2
100009135,2
100009136,2
100009139,2
100009140,2
100009141,2
100009142,2
100009143,2
100009144,2
100009145,2
100009146,2
100009148,2
100009149,2
100009150,2
100009153,2
100009156,2
100009157,2
100009161,3
100009168,2
100009169,28
100009170,28
100009173,2
100009174,2
100009178,2
100009180,2
100009184,2
100009198,5
100009206,2
100009209,2
100009214,2
100009215,2
100009218,2
100009219,2
100009220,2
100009223,2
100009235,23
100009241,23
100009245,24
100009254,21
100009271,3
100009287,24
100009290,23
100009294,11
100009295,24
100009296,23
100009297,24
100009298,11
100009299,11
100009301,24
100009302,24
100009304,24
100009308,24
100009313,23
100009319,23
100009320,27
100009321,23
100009322,19
100009324,19
100009338,20
100009340,2
100009345,2
100009348,2
100009350,2
100009352,2
100009357,2
100009358,2
100009359,2
100009360,2
100009364,2
100009372,2
100009374,2
100009376,2
100009378,2
100009380,2
100009388,2
100009395,3
100009396,2
100009397,2
100009398,2
100009399,2
100009403,13
100009404,13
100009405,2
100010805,21
100010839,2
100010846,24
100010847,24
100010852,23
100010859,24
100010863,23
100010872,2
100010873,19
100010874,19
100010875,2
100010877,2
100010879,2
100010881,6
100010882,2
100010885,6
100010887,6
100010888,7
100010893,28
100010894,19
100010899,23
100010900,23
100010909,28
100010922,2
100010924,13
100010926,2
100010927,2
100010930,13
100010933,2
100010936,13
100010944,13
100010956,2
100010959,5
100010960,2
100010961,2
100010962,5
100010963,5
100010964,2
100010966,3
100010967,2
100015583,2
100015587,2
100015590,2
100015594,2
100015596,2
100015604,2
100015605,2
100015606,2
100015608,3
100015611,3
100015618,13
100015622,28
100015632,13
100015638,13
100015641,14
100015647,2
100015677,11
100015682,19
100015683,13
100015686,13
100015687,2
100015693,13
100015694,28
100015714,28
100015723,6
100015732,24
100015760,2
100015764,2
100015765,5
100015767,5
100015768,2
100015772,3
100015773,3
100015786,3
100015832,3
100015833,3
100015835,30
100015848,3
100015851,2
100015855,26
100015857,13
100015914,2
100015926,6
100015935,13
100015963,3
100015969,2
100016004,3
100016005,2
100016014,7
100016019,3
100016039,27
100016043,12
100016054,19
100016055,19
100016056,5
100016069,3
100016092,2
100016115,6
100019762,2
100019764,2
100019769,2
100019795,5
100019801,3
100019810,11
100019816,11
100019824,11
100019831,24
100019832,25
100019880,15
100019884,13
100019920,24
100019927,23
100019930,24
100019931,24
100019932,23
100019933,23
100019935,23
100019938,23
100019943,14
100019951,13
100019955,3
100019957,14
100019964,6
100019983,6
100020204,11
100020206,12
100020222,27
100020223,27
100020224,2
100020225,2
100020242,30
100020269,12
100020419,23
100020422,11
100020478,13
100020517,25
100020541,7
100020600,1
100020610,1
100020629,11
100020715,13
100020724,7
100020739,5
100020745,2
100020748,2
100020749,2
100020750,2
100020751,2
100020753,13
100020756,13
100020757,15
100020764,24
100020765,13
100020769,14
100020789,1
100020793,27
100020796,7
100020798,27
100020811,1
100020816,23
100020841,2
100020843,4
100020963,14
100020969,27
100020970,23
100021001,0
100021008,23
100021009,27
100021085,15
100021107,24
100021141,3
100021143,13
100021147,5
100021148,5
100021161,28
100021186,5
100021199,7
100021210,7
100021218,23
100021219,25
100021220,15
100021223,15
100021260,3
100021264,20
100021275,14
100021289,13
100021301,11
100021302,24
100021303,24
100021304,21
100021305,29
100021306,14
100021307,29
100021312,23
100021324,10
100021330,2
100021337,1
100021345,25
100021362,10
100021376,11
100021449,24
100021457,15
100021469,23
100021471,23
100021472,14
100021473,14
100021474,29
100021475,11
100021476,11
100021477,11
100021505,24
100021506,24
100021517,14
100021520,0
100021521,22
100021548,27
100021563,29
100021564,29
100021565,29
100021632,24
100021646,25
100021654,29
100021655,29
100021656,29
100021660,29
100021685,25
100021704,3
100021707,1
100021711,13
100021719,23
100021722,23
100021733,24
100021737,20
100021739,23
100021740,14
100021741,23
100021744,24
100021759,14
100021760,3
100021768,4
100021771,27
100021775,12
100021887,27
100001786,21
100001994,8
100002021,8
100002033,8
100002152,8
100002611,19
100003006,21
100003025,7
100003032,7
100003039,7
100003717,24
100004064,8
100004076,5
100004112,10
100004321,27
100004325,14
100005350,2
100006126,25
100006130,22
100006375,25
100006635,25
100008952,14
100009007,2
100009055,13
100009086,2
100009089,2
100009096,2
100009167,2
100009335,13
100009346,5
100009347,2
100009361,2
100009369,2
100009371,2
100009392,2
100010916,24
100010918,13
100010919,13
100010923,2
100010925,13
100010928,13
100010929,13
100010937,13
100010939,13
100010942,13
100010947,5
100010949,13
100010952,2
100015592,2
100015593,2
100015599,2
100015616,13
100015619,13
100015684,13
100015788,2
100015789,2
100015790,2
100015791,2
100015793,3
100015842,3
100015915,2
100016006,2
100016114,13
100019779,30
100019797,5
100019886,14
100019888,23
100019972,13
100019980,13
100020212,19
100020407,27
100020487,29
100020606,19
100020760,13
100021100,13
100021103,8
100021350,28
100021404,2
100021406,19
100021439,25
100021830,5
100021885,8
100002066,2
100002181,21
100006120,14
100009370,13
100010965,2
100015734,0
100021013,27
100003027,7
100003864,19
100002018,8
100002182,21
100003895,27
100004037,29
100004038,30
100004358,14
100005814,13
100006005,8
100006363,27
100006626,30
100006642,7
100009259,7
100009328,1
100010860,24
100010861,14
100010864,11
100015762,13
100015852,2
100020235,14
100020246,25
100020572,1
100020728,19
100020729,19
100020901,21
100020902,21
100020903,21
100020904,21
100020905,21
100020910,21
100020912,21
100020913,21
100021308,29
100021436,1
100021515,23
100021875,6
100021915,28
100021993,15
100021994,15
100022036,14
100022040,11
100022120,29
295,5
100000271,5
100000431,27
100001460,2
100001653,3
100001733,11
100001745,11
100001758,25
100001801,25
100001809,14
100001852,5
100001865,3
100001880,2
100001882,5
100001930,1
100001989,8
100001990,8
100001991,8
100001993,8
100001996,27
100001998,25
100002000,25
100002006,8
100002007,23
100002010,8
100002012,8
100002013,8
100002014,8
100002016,8
100002020,8
100002022,8
100002023,8
100002024,8
100002025,8
100002026,8
100002027,8
100002030,8
100002031,8
100002036,8
100002060,2
100002065,2
100002069,21
100002100,27
100002108,26
100002125,8
100002127,8
100002199,13
100002312,3
100002470,21
100002595,28
100002858,3
100002870,2
100003007,21
100003011,28
100003026,7
100003028,7
100003029,7
100003030,7
100003031,7
100003033,7
100003035,7
100003036,7
100003037,7
100003038,7
100003040,7
100003248,28
100003249,28
100003306,23
100003307,23
100003308,19
100003309,19
100003310,23
100003758,7
100003934,3
100004110,25
100004320,27
100004433,21
100004454,5
100004486,21
100004503,21
100004505,25
100004530,15
100004563,25
100004564,2
100004572,29
100004606,2
100005355,3
100005366,13
100005367,14
100005372,2
100005395,7
100005396,7
100005404,7
100005407,7
100005410,7
100005411,7
100005415,8
100005417,7
100005418,7
100005423,7
100005428,7
100005432,7
100005434,7
100005435,7
100005440,19
100005444,6
100005460,6
100005468,6
100005469,6
100005471,3
100005710,21
100005711,21
100005715,2
100005718,14
100005719,5
100005720,2
100005724,2
100005725,3
100005815,13
100005831,25
100005836,30
100005844,7
100005845,7
100005846,7
100005856,25
100005972,25
100005974,10
100005975,10
100005977,19
100006007,8
100006080,8
100006090,25
100006103,27
100006106,9
100006119,7
100006151,19
100006164,20
100006169,25
100006188,25
100006252,13
100006255,20
100006261,27
100006268,27
100006270,9
100006281,9
100006283,25
100006285,9
100006286,25
100006287,25
100006288,25
100006289,9
100006293,2
100006340,15
100006341,25
100006344,25
100006345,25
100006359,27
100006364,25
100006373,25
100006376,25
100006377,14
100006437,7
100006610,30
100006616,30
100006617,30
100006618,30
100006619,30
100006621,30
100006622,30
100006623,30
100006627,30
100006629,30
100006630,30
100006633,14
100006634,9
100006637,7
100006639,7
100006643,27
100006644,7
100006651,14
100006779,26
100008939,29
100008940,19
100008983,2
100008985,2
100009001,2
100009016,2
100009017,2
100009019,2
100009042,9
100009043,9
100009044,23
100009047,19
100009048,19
100009049,19
100009171,28
100009172,2
100009176,2
100009179,2
100009192,5
100009193,5
100009195,2
100009197,5
100009234,30
100009260,7
100009261,7
100009262,7
100009263,7
100009265,7
100009266,7
100009267,7
100009268,3
100009269,3
100009272,28
100009273,3
100009274,3
100009275,30
100009276,30
100009277,30
100009336,13
100009341,21
100009342,19
100009375,2
100009407,30
100010840,12
100010844,6
100010845,24
100010848,24
100010849,24
100010850,24
100010853,24
100010856,23
100010857,11
100010870,25
100010871,25
100010878,2
100010880,2
100010890,6
100010898,1
100010907,28
100010908,28
100010910,28
100010911,24
100010912,13
100010913,10
100010915,2
100010920,13
100010921,13
100010932,2
100010934,5
100010935,5
100010940,13
100010943,13
100010951,2
100010953,2
100010958,5
100015584,5
100015585,13
100015595,2
100015598,13
100015600,19
100015601,19
100015607,2
100015610,5
100015617,13
100015624,5
100015625,2
100015644,6
100015645,19
100015654,5
100015655,13
100015656,15
100015658,19
100015681,13
100015685,13
100015688,2
100015689,2
100015690,2
100015696,19
100015699,2
100015700,19
100015703,19
100015713,2
100015725,13
100015726,2
100015727,13
100015728,19
100015729,19
100015730,19
100015743,19
100015745,19
100015748,2
100015749,19
100015750,19
100015751,19
100015752,19
100015753,24
100015754,23
100015756,19
100015757,19
100015758,19
100015769,2
100015770,13
100015774,3
100015787,3
100015806,5
100015807,5
100015808,5
100015809,5
100015812,13
100015815,5
100015816,24
100015817,5
100015818,19
100015819,19
100015821,19
100015822,19
100015825,19
100015826,24
100015827,24
100015828,24
100015831,2
100015836,3
100015838,3
100015839,2
100015840,2
100015841,3
100015845,2
100015847,3
100015849,2
100015850,2
100015856,26
100015858,13
100015859,13
100015861,13
100015866,26
100015870,13
100015871,11
100015872,24
100015882,19
100015883,19
100015913,2
100015934,13
100015966,13
100015967,13
100015968,13
100015971,7
100015974,7
100016007,2
100016021,6
100016042,1
100016049,7
100016057,3
100016058,3
100016060,3
100016063,3
100016064,3
100016067,3
100016068,3
100016070,3
100016087,2
100016088,2
100016089,2
100016090,2
100016091,2
100016093,29
100016094,2
100016095,24
100016096,19
100016098,3
100016099,5
100016103,2
100016109,14
100016111,24
100016112,13
100016113,24
100016117,6
100019763,2
100019766,5
100019767,5
100019773,3
100019777,3
100019778,3
100019794,1
100019796,5
100019798,5
100019804,2
100019805,24
100019806,11
100019807,24
100019808,11
100019809,24
100019813,24
100019814,14
100019815,24
100019817,24
100019818,30
100019819,24
100019820,11
100019821,24
100019822,11
100019823,24
100019825,24
100019826,13
100019829,24
100019830,11
100019833,24
100019876,23
100019877,24
100019879,24
100019883,24
100019885,14
100019887,23
100019889,24
100019958,13
100019962,6
100019965,28
100019966,13
100019967,2
100019974,13
100019975,13
100019981,13
100019982,13
100020005,25
100020006,25
100020207,1
100020211,30
100020213,8
100020214,8
100020216,1
100020226,14
100020228,14
100020229,14
100020230,14
100020231,14
100020232,27
100020233,14
100020236,14
100020237,14
100020238,14
100020241,11
100020244,9
100020247,25
100020248,25
100020249,1
100020250,1
100020274,21
100020275,21
100020276,30
100020415,12
100020421,23
100020423,11
100020424,29
100020425,29
100020426,11
100020427,29
100020479,3
100020480,1
100020481,10
100020482,1
100020483,21
100020484,25
100020511,1
100020513,11
100020514,23
100020519,25
100020523,9
100020525,20
100020527,9
100020528,19
100020529,9
100020533,19
100020536,25
100020538,19
100020539,7
100020544,7
100020545,30
100020546,6
100020547,7
100020548,7
100020550,7
100020563,8
100020570,19
100020577,19
100020578,9
100020581,9
100020584,14
100020585,9
100020586,1
100020591,19
100020597,5
100020608,1
100020612,25
100020617,1
100020622,14
100020623,19
100020631,11
100020632,11
100020633,4
100020635,3
100020636,3
100020637,3
100020638,11
100020639,4
100020641,14
100020642,14
100020643,3
100020644,29
100020645,30
100020646,29
100020649,3
100020650,3
100020651,14
100020652,23
100020674,7
100020687,13
100020688,5
100020689,19
100020690,2
100020692,19
100020693,19
100020694,19
100020696,19
100020697,19
100020706,2
100020707,19
100020709,19
100020711,19
100020717,13
100020719,2
100020725,27
100020743,3
100020746,13
100020752,13
100020758,4
100020762,13
100020770,26
100020771,13
100020778,3
100020779,3
100020780,2
100020781,2
100020782,2
100020783,2
100020784,2
100020785,2
100020818,7
100020819,7
100020820,7
100020821,25
100020822,25
100020824,7
100020825,3
100020826,3
100020827,25
100020842,4
100020844,7
100020845,7
100020847,7
100020848,7
100020849,7
100020850,7
100020851,25
100020852,25
100020853,25
100020854,25
100020855,8
100020856,8
100020857,8
100020858,8
100020861,11
100020862,29
100020863,29
100020864,3
100020897,19
100020899,21
100020908,21
100020973,25
100020975,25
100020977,25
100020979,25
100020983,25
100020985,25
100020987,9
100020989,9
100020991,9
100020992,27
100020993,27
100020994,14
100020995,27
100020996,14
100020997,23
100020998,23
100020999,29
100021000,30
100021002,24
100021005,30
100021006,14
100021010,1
100021011,1
100021012,3
100021014,4
100021015,4
100021034,14
100021036,14
100021088,6
100021091,1
100021092,1
100021094,7
100021097,11
100021102,27
100021104,8
100021105,13
100021123,30
100021126,14
100021127,14
100021131,3
100021132,3
100021134,3
100021135,3
100021136,3
100021138,3
100021139,3
100021140,3
100021142,3
100021144,3
100021150,5
100021152,5
100021153,5
100021154,5
100021157,5
100021159,5
100021162,28
100021163,5
100021164,5
100021165,5
100021166,5
100021167,5
100021168,28
100021170,5
100021171,5
100021172,5
100021175,5
100021176,5
100021177,5
100021178,5
100021179,5
100021180,5
100021191,5
100021192,15
100021193,21
100021201,19
100021203,14
100021204,14
100021205,14
100021206,14
100021208,25
100021209,28
100021211,25
100021213,25
100021217,25
100021224,15
100021229,25
100021231,25
100021232,15
100021233,25
100021290,1
100021309,23
100021310,23
100021311,29
100021313,3
100021319,3
100021320,3
100021331,8
100021332,6
100021336,25
100021343,19
100021346,19
100021348,25
100021349,19
100021354,19
100021360,19
100021361,19
100021364,23
100021365,23
100021366,3
100021369,19
100021370,28
100021374,11
100021378,15
100021384,19
100021389,19
100021393,19
100021395,2
100021397,2
100021398,19
100021399,19
100021401,19
100021403,19
100021405,2
100021419,19
100021420,19
100021423,19
100021424,19
100021427,19
100021428,21
100021459,19
100021460,19
100021461,1
100021462,1
100021463,19
100021464,19
100021465,19
100021466,19
100021479,3
100021480,3
100021481,3
100021482,3
100021483,28
100021484,28
100021485,28
100021486,28
100021488,28
100021490,22
100021491,22
100021492,5
100021493,5
100021494,30
100021495,30
100021496,21
100021497,23
100021498,23
100021499,23
100021500,23
100021501,23
100021502,13
100021508,23
100021509,23
100021510,23
100021511,23
100021512,14
100021513,14
100021514,11
100021516,21
100021525,23
100021527,13
100021647,7
100021648,7
100021649,7
100021651,7
100021664,25
100021665,25
100021666,13
100021667,13
100021668,13
100021669,7
100021670,7
100021686,25
100021687,25
100021688,25
100021692,14
100021697,8
100021699,11
100021708,13
100021709,13
100021710,15
100021712,7
100021713,14
100021714,14
100021715,14
100021716,29
100021720,23
100021721,23
100021723,23
100021724,23
100021727,30
100021728,3
100021743,24
100021751,14
100021762,3
100021772,23
100021773,7
100021774,7
100021777,24
100021778,11
100021821,7
100021822,7
100021823,7
100021824,7
100021829,13
100021831,5
100021834,1
100021835,25
100021836,25
100021837,6
100021838,5
100021839,25
100021840,25
100021841,25
100021842,1
100021843,1
100021844,1
100021845,1
100021846,1
100021847,1
100021850,27
100021851,1
100021853,1
100021854,27
100021855,7
100021856,1
100021857,28
100021858,1
100021860,1
100021861,1
100021862,1
100021863,7
100021864,1
100021865,1
100021866,7
100021867,7
100021868,7
100021869,7
100021871,7
100021872,7
100021889,8
100021922,4
100021949,14
100021950,11
100021951,21
100021990,30
100021991,30
100021992,28
100022012,7
100022013,7
100022016,29
100022017,29
100022018,29
100022019,29
100022020,29
100022023,29
100022024,29
100022025,15
100022026,15
100022027,15
100022028,15
100022029,15
100022030,15
100022032,15
100022034,15
100022037,25
100022038,25
100022039,11
100022041,3
100022121,8
100022122,8
100022123,7
100022124,7
100022125,7
100022126,7
100022127,7
100022128,8
100022129,8
100022135,19
100022180,23
100022182,10
100022186,27
100022188,20
100022189,3
100022190,3
100022192,5
100022193,5
100022199,5
100022200,2
100022209,11
100022211,0
100022273,25
100022275,27
100022278,0
100022281,23
100022285,14
100022291,30
100022292,25
100022386,9
100022387,25
100022392,25
100022430,19
100022431,8
100022432,8
100022433,19
100022434,7
100022435,7
100022436,7
100022438,25
100022439,25
22,13
76,9
108,10
146,11
238,14
285,11
292,11
431,9
1027,28
1112,11
1163,20
1167,23
1169,20
1278,13
1389,11
1444,20
100000140,0
100000637,3
100000649,5
100001001,26
100001011,13
100001038,6
100001082,9
100002180,5
100002860,3
100002997,19
100004600,19
100005810,28
100006380,7
100009416,6
100016036,19
100019896,3
100019897,12
100019898,12
100019899,12
100019900,24
100019901,28
100019902,12
100019903,12
100019904,12
100019905,27
100019906,7
100019907,17
100019908,28
100019909,1
100019910,12
100019911,28
100019912,12
100019913,21
100019914,7
100020185,17
100020186,17
100020187,17
100020189,17
100020190,17
100020191,17
100020193,17
100020194,17
100020195,17
100020196,17
100020197,17
100020198,17
100020199,17
100020200,17
100020201,17
100020653,3
100020654,24
100020655,28
100020656,24
100020657,28
100020658,28
100020660,17
100020661,24
100020662,24
100020663,24
100020664,3
100020665,17
100020666,17
100020667,17
100020668,28
100020669,28
100020670,28
100020964,6
100021116,6
100021119,15
100021736,11
100022307,28
100022313,20
100022314,24
100022319,20
100022449,25
100022476,6
100022477,11
100022478,23
100022479,6
100022481,6
100022484,23
100022486,12
100022488,28
100022489,2
100022490,3
100022492,14
100022493,7
100022498,21
100022499,28
100022502,28
100022504,28
100022508,28
100022517,3
100022520,5
100022521,2
100022523,7
100022526,0
100022528,23
100022538,14
100022540,9
100022544,24
100022546,7
100022560,11
100022566,7
100022567,1
100022568,1
100022572,25
100022573,11
100022575,5
100022576,28
100022577,28
100022578,28
100022579,28
100022582,11
100022585,24
100022592,4
100022593,9
100022602,25
100022603,26
100022607,6
100022615,9
100022620,28
100022621,28
100022622,11
100022623,24
100022637,22
100022640,7
100022643,14
100022650,7
100022651,24
100022661,11
100022662,25
100022667,27
100022680,14
100022688,7
100022703,21
100022708,21
100022709,21
100022714,7
100022736,19
100022738,20
100022739,20
100022743,7
100022744,7
100022745,11
100022747,14
100022753,23
100022758,24
100022767,29
100022768,29
100022769,29
100022770,29
100022772,30
100022774,6
100022779,27
100022780,13
100022783,10
100022790,19
100022791,15
100022796,7
100022819,4
100022826,4
100022831,25
100022839,13
100022841,19
100022848,21
100022851,7
100022853,27
100022854,21
100022858,29
100022859,9
100022860,14
100022863,27
100022865,27
100022869,27
100022870,24
100022871,4
100022872,1
100022873,26
100022874,29
100022884,13
100022891,1
100022894,27
100022897,14
100022907,26
100022912,1
100022917,1
100022918,22
100022924,1
100022932,27
100022939,1
100022940,9
100022946,22
100022947,23
100022971,15
100022975,21
100022976,21
100022978,7
100022979,27
100022980,7
100022981,9
100022983,21
100023001,7
100023002,7
100023023,7
100023101,27
100023102,27
